key,category,program_examples,asp_candidates,reward_type,reward_range_jpy,conditions_note,fit,priority,risk_notes,status,link_keys,last_checked
agent_women,転職エージェント（女性特化）,女性特化型の転職エージェント各社,A8.net / afb / アクセストレード,面談完了 or 登録,5000-15000,年齢・年収・職歴条件あり。承認率は案件ごとに差が大きい（要管理画面確認）,5,1,比較記事は「選び方の軸」中心。ランキングの根拠を明示。,未申請,agent_women_1;agent_women_2,2026-10-04
agent_general,転職エージェント（総合）,大手総合型エージェント各社,A8.net / afb / バリューコマース / もしも,面談完了 or 登録,3000-15000,同上。地方・未経験は対象外条件がある場合あり,5,1,同上,未申請,agent_general_1;agent_general_2,2026-10-04
job_site_women,転職サイト（女性向け）,女性向け求人サイト,A8.net / afb,会員登録,500-3000,登録のみで成果になる案件は単価低め・承認率高め,4,2,—,未申請,jobsite_women_1,2026-10-04
scout,スカウト型（ハイクラス含む）,スカウト型転職サービス,A8.net / afb / アクセストレード,会員登録,1000-5000,年収条件があることが多い,4,2,—,未申請,scout_1,2026-10-04
review_site,社員口コミサイト,社員口コミ・年収情報サイト,A8.net / もしも（要確認）,会員登録,300-2000,企業データページとの相性が最も高い（「口コミも確認」導線）,5,1,口コミの引用転載はしない。リンクのみ。,未申請,review_1,2026-10-04
coaching,キャリアコーチング,キャリア相談・コーチングの無料カウンセリング,A8.net / afb,無料面談完了,5000-20000,高単価だが申込ハードルあり。年齢条件あり,4,1,「転職しない選択肢」も扱う記事で紹介。煽らない。,未申請,coaching_1;coaching_2,2026-10-04
women_school,女性向けキャリアスクール,Webスキル・デザイン等の女性向けスクール無料体験,A8.net / afb,無料体験参加,1000-10000,スクール側の広告規約（表現制限）を確認,4,2,収入増を断定しない（「稼げる」NG）。,未申請,school_1,2026-10-04
reskill,資格・通信講座,オンライン資格講座の無料登録・資料請求,A8.net / もしも / バリューコマース,無料登録・資料請求,300-3000,低単価・高承認,3,3,—,未申請,reskill_1,2026-10-04
english,オンライン英会話,無料体験レッスン,A8.net / もしも,無料体験,500-3000,キャリア記事の補助,2,4,—,未申請,english_1,2026-10-04
books_amazon,書籍（Amazon）,Amazon.co.jp 書籍・Kindle,Amazonアソシエイト / もしも経由,購入,本3%・Kindle8%前後（カテゴリ別料率）,Amazonは180日以内に3件の売上が必要（直接参加時）。もしも経由なら審査が通りやすい,4,2,SNS有料広告経由は2026/4から対象外。広告は出さない。,未申請,book_*,2026-10-04
books_rakuten,書籍（楽天）,楽天ブックス・楽天Kobo,楽天アフィリエイト / もしも経由,購入,1-4%前後（ジャンル・キャンペーンで変動）,楽天アフィは審査・ノルマなし,3,3,—,未申請,book_*,2026-10-04
audiobook,オーディオブック,オーディオブックの無料体験,Amazonアソシエイト / もしも / A8.net（サービスによる）,無料体験登録,要確認,キャンペーン時期に送客,3,3,—,未申請,audio_1,2026-10-04
