priority,status,title,intent,category,link_keys,slug
1,todo,男女の賃金差異が小さい業種・大きい業種｜公表データで見る業界別の傾向,業界選びの参考にしたい20〜30代女性。「賃金差異 業界別」「女性 働きやすい 業界」,company_check,review_1;agent_women_1,
1,todo,女性管理職比率の平均は？自分の会社が「多い・少ない」を判断する目安,「女性管理職比率 平均」「女性管理職 少ない 会社」,company_check,review_1;coaching_1,
2,todo,育休明けにキャリアを落とさないために、復帰前に確認しておきたいこと,育休復帰前の女性。「育休明け キャリア」「マミートラック」,career,coaching_1;agent_women_1,
2,todo,昇進の打診を受けたら？女性が管理職を引き受ける前に考える5つのこと,「管理職 打診 女性」「管理職 なりたくない 女性」,career,coaching_1,
2,todo,評価面談で給与交渉をするための準備（データの集め方と伝え方）,「給与交渉 女性」「昇給 交渉 方法」,career,coaching_1;scout_1,
2,todo,「えるぼし」「くるみん」「プラチナくるみん」の違いと、求人での見方,「えるぼし くるみん 違い」,company_check,agent_women_1,
3,todo,転職エージェントとの面談で「女性の働きやすさ」を確認する質問リスト,「転職エージェント 面談 質問」,career,agent_women_1;agent_general_1,
3,todo,社員口コミサイトの上手な読み方｜偏りを避けて判断するコツ,「口コミサイト 信用」「転職会議 OpenWork 見方」,company_check,review_1,
3,todo,非正規雇用の男女の賃金差異をどう読むか,「非正規 賃金差異」,company_check,review_1,
3,todo,男性の育休取得率が高い会社は女性にとっても働きやすい？データで考える,「男性育休 取得率 会社」,company_check,agent_women_1,
3,todo,キャリアコーチングは必要？無料相談を「使い倒す」ための準備,「キャリアコーチング 必要か」「キャリア相談 無料」,career,coaching_1;coaching_2,
4,todo,女性向けキャリアスクールを選ぶ前に確認したいこと（費用・時間・転職支援）,「女性 キャリアスクール 選び方」,career,school_1,
4,todo,働き方とジェンダーを考える本：経済学・データ編,「ジェンダー 経済学 本」,books,book_goldin;book_makino;book_invisible_women,
